City,Country,Date,Lat,Lng,Cloudiness (%),Humidity (%),Max Temp (F),Wind Speed (mph)
Rikitea,PF,1627950562,-23.1203,-134.9692,82,55,69.93,19.6
Busselton,AU,1627950580,-33.65,115.3333,100,79,47.05,7.74
Linxia Chengguanzhen,CN,1627950645,35.6003,103.2064,100,88,59.05,4.99
Vaini,TO,1627950573,-21.2,-175.2,20,73,75.36,12.66
Zhicheng,CN,1627950645,30.2956,111.5047,7,79,85.19,8.23
Ushuaia,AR,1627950557,-54.8,-68.3,40,81,38.86,23.02
Souillac,MU,1627950587,-20.5167,57.5167,20,88,59.38,5.75
Kapaa,US,1627950580,22.0752,-159.319,20,76,88.12,4.0
Daokou,CN,1627950646,35.5639,114.5058,6,75,79.45,7.09
Vianí,CO,1627950646,4.8738,-74.5624,99,70,70.23,4.65
Hermanus,ZA,1627950560,-34.4187,19.2345,1,84,56.89,8.66
Punta Arenas,CL,1627950577,-53.15,-70.9167,20,81,39.31,33.38
Cidreira,BR,1627950592,-30.1811,-50.2056,0,85,52.81,4.56
Codrington,AU,1627950647,-38.2667,141.9667,91,76,51.69,20.11
La Palma,US,1627950647,33.8464,-118.0467,1,35,107.8,7.0
Teguise,ES,1627950648,29.0605,-13.564,20,83,68.22,17.27
Tyukalinsk,RU,1627950648,55.8732,72.1967,75,74,61.29,8.3
Kumul,CN,1627950648,42.8,93.45,2,20,80.6,6.78
Bambous Virieux,MU,1627950572,-20.3428,57.7575,20,88,59.25,5.75
Poum,NC,1627950649,-20.2333,164.0167,0,62,69.94,7.07
Cockburn Town,TC,1627950649,21.4612,-71.1419,84,77,82.04,20.15
Starotimoshkino,RU,1627950650,53.7191,47.5312,6,58,70.43,6.49
Mar del Plata,AR,1627950439,-38.0023,-57.5575,0,50,53.13,1.99
Tasiilaq,GL,1627950652,65.6145,-37.6368,100,80,46.56,1.92
Benguela,AO,1627950652,-12.5763,13.4055,1,85,69.12,5.57
Albany,US,1627950612,42.6001,-73.9662,0,70,68.79,6.71
Lagoa Vermelha,BR,1627950652,-28.2086,-51.5258,0,89,42.94,4.52
Ossora,RU,1627950653,59.2353,163.0719,89,50,56.77,20.27
Cape Town,ZA,1627950265,-33.9258,18.4232,0,94,57.11,2.3
Baghlan,AF,1627950653,36.1307,68.7083,9,23,79.59,3.15
Bethel,US,1627950510,41.3712,-73.414,75,74,74.68,3.44
Kiryat Gat,IL,1627950653,31.61,34.7642,0,48,80.4,1.36
Chokurdakh,RU,1627950566,70.6333,147.9167,72,43,51.67,8.77
Namatanai,PG,1627950654,-3.6667,152.4333,52,68,85.03,4.43
Mataura,NZ,1627950558,-46.1927,168.8643,84,86,49.48,3.29
Caravelas,BR,1627950654,-17.7125,-39.2481,86,80,66.16,3.62
Kalabo,ZM,1627950655,-14.97,22.6814,0,45,54.66,4.81
East London,ZA,1627950572,-33.0153,27.9116,36,81,58.48,18.01
Lebu,CL,1627950590,-37.6167,-73.65,7,80,52.2,20.92
Bathsheba,BB,1627950655,13.2167,-59.5167,20,78,81.21,8.05
Salinópolis,BR,1627950656,-0.6136,-47.3561,25,79,77.47,5.35
Qaanaaq,GL,1627950560,77.484,-69.3632,94,66,45.27,0.78
Muli,MV,1627950656,2.9167,73.5667,100,70,81.97,3.69
Kamenka,RU,1627950656,51.3223,42.7678,6,49,73.02,4.41
Johnshaven,GB,1627950657,56.7949,-2.3358,43,86,54.81,5.01
Myski,RU,1627950657,53.709,87.8014,7,91,62.31,2.71
Chaman,PK,1627950657,30.9236,66.4512,5,14,74.53,3.53
Mildura,AU,1627950368,-34.2,142.15,3,82,51.76,13.8
Mosquera,CO,1627950658,4.7059,-74.2302,40,62,57.29,9.22
Tartagal,AR,1627950659,-22.5164,-63.8013,56,44,57.42,3.6
Torbay,CA,1627950564,47.6666,-52.7314,90,78,62.49,4.61
Nara,JP,1627950660,34.6851,135.8049,100,89,80.26,1.97
Altamira,BR,1627950660,-3.2033,-52.2064,21,69,73.45,1.95
Kalmunai,LK,1627950660,7.4167,81.8167,100,66,80.04,3.85
Upernavik,GL,1627950621,72.7868,-56.1549,98,68,46.78,3.83
Tomigusuku,JP,1627950661,26.185,127.675,40,79,85.77,18.41
Zaozyornoye,UA,1627950661,45.1582,33.2787,0,75,72.95,5.93
Vanimo,PG,1627950662,-2.6741,141.3028,38,66,85.84,8.12
Atar,MR,1627950663,20.5169,-13.0499,17,48,85.21,9.13
Port Alfred,ZA,1627950609,-33.5906,26.891,0,86,55.45,15.52
Aklavik,CA,1627950663,68.2191,-135.0107,100,77,57.92,14.45
Hastings,GB,1627950613,50.8552,0.5729,98,90,60.55,8.61
Pokhara,NP,1627950664,28.2333,83.9833,95,95,73.81,0.27
Portland,US,1627949998,45.5234,-122.6762,20,40,99.9,1.99
Hobart,AU,1627950515,-42.8794,147.3294,75,82,50.11,1.99
Bengkulu,ID,1627950565,-3.8004,102.2655,70,85,75.09,3.4
Nome,US,1627950664,64.5011,-165.4064,90,88,59.16,16.11
Mattru,SL,1627950664,7.6244,-11.8332,45,89,70.63,1.21
Hilo,US,1627950561,19.7297,-155.09,75,80,80.33,3.44
Tottori-shi,JP,1627950665,35.5,134.2333,75,78,80.67,2.3
Ponta do Sol,PT,1627950619,32.6667,-17.1,26,73,72.23,6.4
Castro,BR,1627950566,-24.7911,-50.0119,0,81,49.8,1.03
Pevek,RU,1627950590,69.7008,170.3133,95,83,35.04,21.0
Maningrida,AU,1627950666,-12.0667,134.2667,91,53,83.19,10.38
Bredasdorp,ZA,1627950567,-34.5322,20.0403,12,93,54.28,5.75
Katsuura,JP,1627950667,35.1333,140.3,30,75,87.82,10.98
Goderich,CA,1627950619,43.7501,-81.7165,8,64,69.57,1.14
Japura,ID,1627950667,-0.3167,102.35,47,80,79.34,1.21
Olafsvik,IS,1627950667,64.8945,-23.7142,100,78,52.48,5.12
Comarapa,BO,1627950668,-17.9,-64.4833,0,79,46.98,1.61
Barrow,US,1627950625,71.2906,-156.7887,90,81,44.62,18.41
Atuona,PF,1627950565,-9.8,-139.0333,12,74,77.45,18.63
Okato,NZ,1627950668,-39.2,173.8833,98,84,50.41,13.04
Santo Tomas,PH,1627950561,14.1079,121.1414,100,80,84.45,11.3
Port Hardy,CA,1627950618,50.6996,-127.4199,20,63,64.58,11.5
Mahibadhoo,MV,1627950669,3.7833,72.9667,100,73,81.9,4.03
Aswān,EG,1627950669,24.0934,32.907,100,16,89.31,7.85
Klyuchi,RU,1627950669,52.2667,79.1667,13,51,71.73,8.19
Luganville,VU,1627950670,-15.5333,167.1667,98,53,76.05,7.92
Simao,CN,1627950670,22.7886,100.9748,39,94,68.77,1.48
Champerico,GT,1627950670,14.3,-91.9167,100,76,87.28,5.12
Saint Paul Harbor,US,1627950577,57.79,-152.4072,90,72,56.71,8.05
Norman Wells,CA,1627950588,65.282,-126.8329,1,22,89.64,13.8
Saint-Philippe,RE,1627950576,-21.3585,55.7679,11,71,67.59,2.1
Jiaozuo,CN,1627950671,35.2397,113.2331,6,68,80.8,5.82
Guerrero Negro,MX,1627950671,27.9769,-114.0611,56,63,78.44,14.23
Saint-Joseph,RE,1627950672,-21.3667,55.6167,0,66,66.58,3.24
Bluff,NZ,1627950559,-46.6,168.3333,47,62,49.8,7.74
Celestún,MX,1627950673,20.8667,-90.4,56,71,83.8,14.54
Port Blair,IN,1627950673,11.6667,92.75,100,82,81.86,19.26
Talnakh,RU,1627950611,69.4865,88.3972,100,49,73.4,5.39
Bonavista,CA,1627950674,48.6499,-53.1147,100,70,62.6,11.18
Miandrivazo,MG,1627950675,-19.5167,45.4667,77,74,68.22,1.07
Berlevåg,NO,1627950565,70.8578,29.0864,16,83,47.35,6.55
Saint George,US,1627950620,37.1041,-113.5841,1,15,104.63,1.01
Bulolo,PG,1627950675,-7.2,146.65,65,56,84.49,2.62
Avarua,CK,1627950305,-21.2078,-159.775,90,74,80.65,12.66
Thompson,CA,1627950676,55.7435,-97.8558,20,38,77.16,8.05
Srednekolymsk,RU,1627950676,67.45,153.6833,15,44,53.24,11.88
High Level,CA,1627950676,58.5169,-117.136,40,42,87.91,5.75
Yellowknife,CA,1627950574,62.456,-114.3525,75,29,89.29,9.22
Kirensk,RU,1627950677,57.7853,108.1119,100,77,61.27,1.9
Mareeba,AU,1627950469,-17.0,145.4333,11,64,75.49,4.5
Hualmay,PE,1627950586,-11.0964,-77.6139,9,82,64.24,11.5
Mkwanga,TZ,1627950678,-7.118,39.2078,25,94,66.42,4.94
Puerto Ayora,EC,1627950625,-0.7393,-90.3518,39,91,70.72,8.05
Hithadhoo,MV,1627950558,-0.6,73.0833,100,73,81.82,6.2
Ituiutaba,BR,1627950678,-18.9689,-49.465,0,44,67.95,3.18
Tiksi,RU,1627950582,71.6872,128.8694,51,60,50.9,5.21
Vostok,RU,1627950593,46.4856,135.8833,77,77,73.38,1.54
Khonsa,IN,1627950679,27.0167,95.5667,46,81,74.7,1.59
Saskylakh,RU,1627950570,71.9167,114.0833,45,49,68.09,9.37
Ayagoz,KZ,1627950679,47.9714,80.4392,2,31,76.41,4.14
Lüderitz,NA,1627950562,-26.6481,15.1594,0,35,66.74,2.8
Bar Harbor,US,1627950680,44.3876,-68.2039,1,84,64.24,5.99
Manitouwadge,CA,1627950680,49.1215,-85.8403,100,75,63.32,5.37
Kuytun,RU,1627950680,54.3419,101.5036,100,80,60.96,5.21
Naters,CH,1627950681,46.3254,7.9891,41,81,58.44,1.99
Arumbāvūr,IN,1627950681,11.3833,78.7333,100,75,79.81,8.01
Salalah,OM,1627950519,17.0151,54.0924,90,100,77.09,6.91
Alexandria,EG,1627950561,31.2156,29.9553,0,83,80.56,7.34
Mossamedes,AO,1627950568,-15.1961,12.1522,84,83,67.87,4.76
Kuzino,RU,1627950682,57.0224,59.4412,100,97,59.54,3.58
Yeppoon,AU,1627950682,-23.1333,150.7333,0,55,71.38,8.93
George Town,MY,1627950419,5.4112,100.3354,40,86,80.89,2.3
Oistins,BB,1627950684,13.0667,-59.5333,20,78,80.69,8.05
São José da Coroa Grande,BR,1627950684,-8.8978,-35.1478,80,89,73.26,9.19
Waddān,LY,1627950685,29.1614,16.139,0,25,83.89,11.1
Mahabad,IR,1627950685,36.7631,45.7222,12,63,67.24,5.14
Angoche,MZ,1627950686,-16.2325,39.9086,0,67,68.86,9.48
Mehamn,NO,1627950687,71.0357,27.8492,62,84,46.71,3.8
Broken Hill,AU,1627950687,-31.95,141.4333,4,76,47.91,20.71
Ribeira Grande,PT,1627950582,38.5167,-28.7,54,92,73.0,7.85
Cherskiy,RU,1627950687,68.75,161.3,100,51,47.3,19.28
Tuatapere,NZ,1627950688,-46.1333,167.6833,36,70,49.82,4.85
Momostenango,GT,1627950688,15.0436,-91.4086,61,66,68.38,2.68
North Bend,US,1627950688,43.4065,-124.2243,90,88,71.24,13.8
Provideniya,RU,1627950596,64.3833,-173.3,90,76,53.71,6.71
Pochutla,MX,1627950689,15.7432,-96.4661,100,87,87.62,3.85
Chui,UY,1627950588,-33.6971,-53.4616,12,95,48.7,5.88
São Filipe,CV,1627950689,14.8961,-24.4956,80,86,76.1,5.17
Lorengau,PG,1627950559,-2.0226,147.2712,25,79,82.83,9.08
Havøysund,NO,1627950690,70.9963,24.6622,22,87,47.28,20.38
Soyo,AO,1627950690,-6.1349,12.3689,21,89,71.46,3.58
Dikson,RU,1627950565,73.5069,80.5464,82,80,50.99,7.67
Kiunga,PG,1627950691,-6.1219,141.2906,96,69,80.67,3.69
Novouzensk,RU,1627950691,50.4592,48.1431,7,31,79.68,8.63
Northam,GB,1627950692,51.0333,-4.2167,11,93,56.01,5.39
Dunmore Town,BS,1627950692,25.5,-76.65,100,74,83.3,9.4
Nikolskoye,RU,1627950591,59.7035,30.7861,100,97,59.81,15.35
Tuktoyaktuk,CA,1627950601,69.4541,-133.0374,90,81,50.0,17.27
Harper,LR,1627950692,4.375,-7.7169,34,79,75.6,4.92
Krasnyy Chikoy,RU,1627950693,50.3643,108.7512,57,70,66.13,4.09
Buala,SB,1627950576,-8.145,159.5921,56,81,80.56,6.93
Banjar,ID,1627950693,-8.19,114.9675,9,75,76.86,4.36
Arlit,NE,1627950677,18.7369,7.3853,97,37,89.6,13.02
Ulaangom,MN,1627950694,49.9811,92.0667,3,38,68.58,2.26
Hervey Bay,AU,1627950694,-25.2986,152.8535,0,76,77.04,5.99
Pisco,PE,1627950560,-13.7,-76.2167,75,82,62.65,13.8
Khandyga,RU,1627950695,62.6667,135.6,29,33,76.19,3.49
Jamestown,US,1627950571,42.097,-79.2353,1,55,68.36,1.5
Raahe,FI,1627950695,64.6833,24.4833,100,73,53.69,11.27
Pringsewu,ID,1627950696,-5.3582,104.9744,49,87,77.7,1.81
Carnarvon,AU,1627950592,-24.8667,113.6333,0,46,50.07,12.66
Butaritari,KI,1627950571,3.0707,172.7902,36,69,83.1,3.6
Kavieng,PG,1627950584,-2.5744,150.7967,31,74,83.86,10.18
Östersund,SE,1627950696,63.1792,14.6357,90,71,48.65,10.36
Moerai,PF,1627950697,-22.4333,-151.3333,91,80,75.15,19.75
Luanda,AO,1627950550,-8.8368,13.2343,1,87,70.32,6.17
Nanding,CN,1627950698,36.7483,118.0558,31,66,80.42,4.34
Port Townsend,US,1627950698,48.117,-122.7605,1,60,87.08,11.99
Navalgund,IN,1627950698,15.5667,75.3667,100,87,71.53,14.99
New Norfolk,AU,1627950559,-42.7826,147.0587,100,79,49.75,1.72
Clyde River,CA,1627950538,70.4692,-68.5914,90,100,35.83,5.75
Nyurba,RU,1627950699,63.2842,118.3319,0,42,74.84,7.63
Inhambane,MZ,1627950699,-23.865,35.3833,24,74,67.33,13.06
Kingman,US,1627950551,35.1894,-114.053,20,15,103.48,1.99
Sitka,US,1627950608,57.0531,-135.33,90,72,62.49,12.66
Soanierana Ivongo,MG,1627950700,-16.9167,49.5833,9,93,62.98,4.21
Touros,BR,1627950600,-5.1989,-35.4608,19,83,72.5,14.97
Pacific Grove,US,1627950700,36.6177,-121.9166,1,71,86.4,1.99
Dudinka,RU,1627950700,69.4058,86.1778,100,57,70.09,7.09
Zhigansk,RU,1627950604,66.7697,123.3711,8,43,69.64,7.14
Tomatlán,MX,1627950701,19.9333,-105.25,77,85,81.0,6.22
Avellino,IT,1627950701,40.9144,14.7887,14,52,71.47,2.59
Robe,AU,1627950701,-37.1833,139.75,100,66,52.25,26.75
Beidao,CN,1627950702,34.5686,105.8933,100,62,77.29,1.03
Ilulissat,GL,1627950580,69.2167,-51.1,100,76,46.42,12.66
Isangel,VU,1627950599,-19.55,169.2667,20,64,75.31,6.91
Lagoa,PT,1627950702,39.05,-27.9833,84,93,71.71,6.55
Orlik,RU,1627950702,52.5178,99.825,100,77,53.76,1.43
Ayacucho,PE,1627950703,-13.1583,-74.2239,90,68,54.21,4.81
Sovetskaya Gavan',RU,1627950703,48.9723,140.2878,28,73,65.5,10.65
Andilamena,MG,1627950703,-17.0167,48.5833,4,94,52.79,1.92
Acapulco de Juárez,MX,1627950704,16.8634,-99.8901,40,70,87.62,10.36
College,US,1627950672,64.8569,-147.8028,1,43,86.58,3.44
Tacoronte,ES,1627950704,28.4769,-16.4102,90,74,67.26,15.01
Iqaluit,CA,1627950576,63.7506,-68.5145,75,93,49.73,3.44
Lipin Bor,RU,1627950704,60.2622,37.9763,100,96,64.99,14.25
Lom Sak,TH,1627950705,16.7798,101.2422,75,94,76.89,0.0
Vao,NC,1627950705,-22.6667,167.4833,0,67,66.83,5.82
Yaan,NG,1627950705,7.3833,8.5667,100,96,71.8,5.79
Pangnirtung,CA,1627950706,66.1451,-65.7125,99,89,45.3,4.47
Sergiyev Posad,RU,1627950706,56.3,38.1333,100,92,67.75,9.84
Dillon,US,1627950706,34.4166,-79.3712,82,52,85.19,10.67
Shubarkuduk,KZ,1627950707,49.1447,56.4872,0,34,78.58,6.08
Hokitika,NZ,1627950707,-42.7167,170.9667,100,58,53.13,5.95
Lompoc,US,1627950574,34.6391,-120.4579,1,66,87.69,12.66
Khani,GE,1627950708,41.9563,42.9566,0,76,65.77,4.65
Auxerre,FR,1627950708,47.8,3.5667,100,92,62.46,6.33
Asău,RO,1627950595,46.4333,26.4,5,94,63.52,2.82
Masiga,PH,1627950708,13.3607,121.8278,100,72,84.04,4.7
Praia da Vitória,PT,1627950558,38.7333,-27.0667,90,94,74.75,4.81
Valréas,FR,1627950709,44.3837,4.9908,0,65,60.91,4.52
Burkburnett,US,1627950710,34.0979,-98.5706,1,43,86.72,1.99
Egersund,NO,1627950710,58.4513,5.9997,0,74,53.71,15.68
Darhan,MN,1627950710,49.4867,105.9228,100,86,60.1,11.32
Lakes Entrance,AU,1627950711,-37.8811,147.981,100,80,50.81,11.39
Katherine,AU,1627950711,-14.4667,132.2667,100,54,80.92,4.61
Changji,CN,1627950711,44.0167,87.3167,0,23,75.99,11.18
Port Lincoln,AU,1627950563,-34.7333,135.8667,92,64,52.54,20.22
Rajaori,IN,1627950712,33.3833,74.3,2,70,74.05,4.79
Jerome,US,1627950712,42.7241,-114.5186,1,39,88.63,17.27
Hīt,IQ,1627950712,33.6416,42.8251,2,24,93.11,10.25
Hamilton,US,1627950713,39.1834,-84.5333,20,61,75.42,1.01
Vila Franca do Campo,PT,1627950713,37.7167,-25.4333,0,83,66.61,5.12
São João da Barra,BR,1627950578,-21.6403,-41.0511,0,78,68.63,10.92
Zambezi,ZM,1627950713,-13.5432,23.1047,0,53,52.59,3.49
Hasaki,JP,1627950613,35.7333,140.8333,64,79,86.29,12.71
Tahoua,NE,1627950714,14.8888,5.2692,96,57,84.29,5.79
Chimbote,PE,1627950714,-9.0853,-78.5783,4,86,63.82,10.31
Vila Velha,BR,1627950583,-20.3297,-40.2925,0,94,60.75,2.3
Morondava,MG,1627950715,-20.2833,44.2833,4,70,65.46,11.1
Kirakira,SB,1627950715,-10.4544,161.9205,100,66,81.77,9.64
Galesong,ID,1627950715,-5.3166,119.3661,5,66,77.02,7.87
San Patricio,US,1627950716,28.017,-97.5169,80,63,89.46,13.33
Mahon,ES,1627950716,39.8885,4.2658,0,73,72.16,5.75
Aginskoye,RU,1627950598,51.1,114.53,55,66,69.01,7.11
Arraial do Cabo,BR,1627950610,-22.9661,-42.0278,0,80,68.07,17.69
Abalak,RU,1627950716,58.1286,68.5944,90,78,60.17,4.92
Fortuna,US,1627950589,40.5982,-124.1573,20,73,66.92,4.0
Prieska,ZA,1627950717,-29.6641,22.7474,0,42,46.85,2.82
Neiafu,TO,1627950717,-18.65,-173.9833,40,61,77.68,5.75
Santa Rosa,PH,1627950717,14.3122,121.1114,100,78,85.98,17.4
Progreso,MX,1627950549,21.2833,-89.6667,38,72,77.11,13.65
Coyhaique,CL,1627950718,-45.5752,-72.0662,20,53,46.35,5.75
Gebog,ID,1627950718,-6.735,110.8444,21,72,75.52,8.03
Longyearbyen,SJ,1627950584,78.2186,15.6401,75,71,46.24,21.85
Yulara,AU,1627950719,-25.2406,130.9889,0,62,49.84,19.57
Severo-Kuril'sk,RU,1627950719,50.6789,156.125,100,74,53.96,16.91
Paripiranga,BR,1627950719,-10.6875,-37.8617,1,96,62.58,5.21
Ziyang,CN,1627950720,29.2497,117.8547,2,67,86.92,4.41
Nabire,ID,1627950720,-3.3667,135.4833,87,78,81.81,2.33
Manta,EC,1627950563,-0.95,-80.7333,40,78,74.98,11.5
Kahului,US,1627950366,20.8947,-156.47,40,67,84.94,26.46
Innisfail,AU,1627950721,-17.5333,146.0333,42,56,75.34,3.58
San Quintín,MX,1627950589,30.4833,-115.95,1,61,76.78,15.35
Vardø,NO,1627950569,70.3705,31.1107,51,86,47.71,1.03
Boshnyakovo,RU,1627950721,49.6333,142.1667,2,63,67.51,3.83
Avera,US,1627950577,33.194,-82.5271,25,47,87.67,0.98
Vilhena,BR,1627950645,-12.7406,-60.1458,0,41,75.42,10.36
Bata,GQ,1627950722,1.8639,9.7658,40,94,76.86,4.61
Honningsvåg,NO,1627950722,70.9821,25.9704,44,82,47.7,17.69
Laas,IT,1627950591,46.6166,10.7002,60,91,58.08,0.81
Nerchinskiy Zavod,RU,1627950723,51.3088,119.61,98,72,68.2,4.63
Liverpool,GB,1627950542,53.4106,-2.9779,0,79,55.78,1.01
Sheksna,RU,1627950724,59.21,38.5107,85,92,69.76,17.27
Tabou,CI,1627950724,4.423,-7.3528,6,82,75.34,4.56
Port Elizabeth,ZA,1627950611,-33.918,25.5701,0,88,55.69,9.22
Itarema,BR,1627950724,-2.9248,-39.9167,10,79,75.58,3.22
Beringovskiy,RU,1627950725,63.05,179.3167,100,94,43.77,8.46
Brito,PT,1627950725,41.4582,-8.361,100,84,66.69,1.7
Piaçabuçu,BR,1627950725,-10.4056,-36.4344,82,89,72.18,9.75
Taltal,CL,1627950726,-25.4,-70.4833,0,74,59.49,4.27
Sur,OM,1627950601,22.5667,59.5289,86,58,86.97,9.98
San Fernando,PH,1627950726,15.0286,120.6898,100,80,86.02,14.38
Kralendijk,BQ,1627950620,12.15,-68.2667,4,83,80.58,11.5
Jämsä,FI,1627950727,61.8642,25.19,100,97,57.88,7.85
Kargopol',RU,1627950727,61.5071,38.9456,100,98,61.2,10.36
Puri,IN,1627950727,19.8,85.85,100,71,81.12,7.92
The Valley,AI,1627950619,18.217,-63.0578,1,75,82.26,13.85
Silopi,TR,1627950728,37.2497,42.4694,4,33,82.98,5.55
Qandala,SO,1627950728,11.472,49.8728,38,52,86.59,11.14
General Roca,AR,1627950728,-39.0333,-67.5833,24,27,45.0,7.85
Leshukonskoye,RU,1627950728,64.8989,45.7622,100,98,54.19,4.45
Agadez,NE,1627950729,19.75,10.25,0,12,90.32,9.19
Tayu,ID,1627950729,-6.5397,111.0518,87,72,81.14,8.75
Turki,RU,1627950729,51.987,43.2731,6,44,70.79,4.54
Mahébourg,MU,1627950730,-20.4081,57.7,20,88,59.29,5.75
Lavrentiya,RU,1627950730,65.5833,-171.0,100,99,45.01,8.16
Rio Grande,BR,1627950572,-32.035,-52.0986,7,94,47.95,7.05
Alofi,NU,1627950730,-19.0595,-169.9187,75,65,78.69,12.66
Ulladulla,AU,1627950731,-35.35,150.4667,4,49,61.7,13.82
Benghazi,LY,1627950588,32.1167,20.0667,0,67,83.07,15.73
Flagstaff,US,1627950731,35.1981,-111.6513,1,26,88.66,5.01
Meulaboh,ID,1627950731,4.1363,96.1285,74,78,77.05,5.03
Vestmannaeyjar,IS,1627950564,63.4427,-20.2734,100,83,52.72,3.91
Qaqortoq,GL,1627950732,60.7167,-46.0333,100,97,50.5,2.51
Karratha,AU,1627950732,-20.7377,116.8463,20,24,64.09,23.04
Ancud,CL,1627950732,-41.8697,-73.8203,100,95,49.53,4.29
Pervomayskiy,RU,1627950733,53.2485,40.2871,100,79,65.52,5.73
Mumbai,IN,1627950610,19.0144,72.8479,75,94,80.58,13.8
Hong Kong,HK,1627950579,22.2855,114.1577,98,92,84.33,1.01
Seymchan,RU,1627950733,62.8833,152.4333,80,53,49.69,14.52
Khatanga,RU,1627950579,71.9667,102.5,82,52,70.52,12.93
Tateyama,JP,1627950734,34.9833,139.8667,35,75,87.73,11.41
Lugovoy,KZ,1627950734,42.9472,72.7644,81,26,73.67,6.38
Vangaindrano,MG,1627950734,-23.35,47.6,8,88,64.26,5.86
Boyolangu,ID,1627950735,-8.1181,111.8935,85,89,76.26,9.19
Orbetello,IT,1627950735,42.4408,11.2196,100,52,70.79,4.61
Saint-Augustin,CA,1627950735,51.226,-58.6502,100,87,59.43,17.2
Havelock,US,1627950705,34.8791,-76.9013,16,93,77.94,1.01
Uyemskiy,RU,1627950736,64.4743,40.8524,40,94,57.25,4.47
Bubaque,GW,1627950736,11.2833,-15.8333,46,82,79.05,14.67
Hofn,IS,1627950736,64.2539,-15.2082,100,86,52.93,7.2
Copala,MX,1627950737,16.65,-98.9833,91,82,81.91,6.42
Timrå,SE,1627950737,62.487,17.3257,75,65,53.67,13.8
Menongue,AO,1627950737,-14.6585,17.691,0,48,51.3,4.72
Fairbanks,US,1627950637,64.8378,-147.7164,1,42,88.09,3.44
Moratuwa,LK,1627950738,6.773,79.8816,100,88,80.62,6.73
Farafangana,MG,1627950738,-22.8167,47.8333,2,89,64.58,4.79
Moranbah,AU,1627950738,-22.0016,148.0466,5,24,76.6,5.1
Husavik,IS,1627950739,66.0449,-17.3389,95,89,51.71,2.39
Karpathos,GR,1627950739,35.507,27.2132,0,71,81.63,14.72
Usakos,NA,1627950739,-22.0,15.6,0,31,62.01,7.67
Nantucket,US,1627950667,41.2835,-70.0995,1,78,72.01,5.75
Sudogda,RU,1627950740,55.9539,40.8629,100,93,63.91,6.15
Homer,US,1627950643,59.6425,-151.5483,90,83,74.08,13.8
Jalu,LY,1627950740,29.0331,21.5482,0,24,86.54,7.63
Vilyuysk,RU,1627950741,63.7553,121.6247,0,39,76.01,8.34
Kavaratti,IN,1627950741,10.5669,72.642,100,72,82.04,14.12
Nelson,NZ,1627950469,-41.2833,173.2833,100,86,57.69,3.0
Constitución,CL,1627950742,-35.3333,-72.4167,0,68,53.47,5.84
Baghmara,IN,1627950742,23.795,86.2085,66,78,80.65,8.55
Zirándaro de los Chávez,MX,1627950742,18.45,-100.9833,37,73,84.34,2.66
San Juan,AR,1627950743,-31.5375,-68.5364,0,26,59.22,4.61
Cabo San Lucas,MX,1627950657,22.8909,-109.9124,20,51,97.52,12.66
Kabare,CD,1627950743,-2.4683,28.8242,86,71,59.41,0.25
Grafton,US,1627950743,42.207,-71.6856,1,75,71.85,4.61
Taoudenni,ML,1627950744,22.6783,-3.9836,77,23,97.45,10.04
Popondetta,PG,1627950744,-8.7537,148.2534,92,52,88.29,2.77
Rocha,UY,1627950744,-34.4833,-54.3333,0,92,44.51,1.3
Bariloche,AR,1627950745,-41.1456,-71.3082,75,76,47.95,11.5
Grand Gaube,MU,1627950745,-20.0064,57.6608,0,66,59.4,7.02
Carlyle,US,1627950745,38.6103,-89.3726,0,58,77.32,4.88
Shimoda,JP,1627950746,34.6667,138.95,100,82,86.36,7.76
Nakusp,CA,1627950623,50.2499,-117.8023,88,73,71.94,2.3
Río Cuarto,AR,1627950746,-33.1307,-64.3499,0,46,49.77,11.5
Ust-Tsilma,RU,1627950746,65.441,52.1498,24,98,54.39,2.77
Ol'ga,RU,1627950746,43.7444,135.2892,82,77,74.86,5.06
Muskegon,US,1627950747,43.3,-86.1334,75,61,72.28,5.75
Boralday,KZ,1627950747,43.3578,76.8594,75,29,75.06,4.47
Leningradskiy,RU,1627950748,69.3833,178.4167,100,100,33.21,9.53
St. Pete Beach,US,1627950607,27.7253,-82.7412,1,72,88.16,1.01
Mandan,US,1627950748,46.8267,-100.8896,1,26,91.38,1.99
Kipini,KE,1627950748,-2.5257,40.5262,6,80,75.49,13.18
Los Llanos de Aridane,ES,1627950571,28.6585,-17.9182,90,92,69.55,12.66
Mackenzie,CA,1627950749,55.2999,-123.1698,1,64,75.42,2.3
Kutum,SD,1627950749,14.2,24.6667,43,67,72.88,14.56
Pathein,MM,1627950749,16.7833,94.7333,100,93,76.98,9.66
Kinsale,IE,1627950542,51.7075,-8.5306,75,100,54.77,2.3
Tessalit,ML,1627950750,20.1986,1.0114,84,42,87.44,8.63
Petukhovo,RU,1627950750,55.0692,67.9019,100,70,63.09,6.46
Tura,IN,1627950750,25.5198,90.2201,100,96,75.96,3.0
Murray Bridge,AU,1627950659,-35.1167,139.2667,65,67,54.48,20.27
Petropavl,KZ,1627950751,54.8753,69.1628,100,70,61.84,5.86
Nanortalik,GL,1627950751,60.1432,-45.2371,100,96,44.11,1.68
Plettenberg Bay,ZA,1627950751,-34.0527,23.3716,0,62,56.7,4.65
Jijiga,ET,1627950752,9.35,42.8,39,77,60.12,18.59
Bima,ID,1627950752,-8.4667,118.7167,23,62,84.94,5.21
St. George's,GD,1627950753,12.0564,-61.7485,20,89,80.28,4.61
Tabuk,PH,1627950753,17.4189,121.4443,100,69,83.21,1.83
Khudumelapye,BW,1627950753,-23.8833,24.75,0,20,50.16,4.88
Cururupu,BR,1627950754,-1.8283,-44.8683,5,80,72.46,1.86
Tepezalá,MX,1627950754,22.2167,-102.1667,92,41,77.56,14.52
Orotukan,RU,1627950754,62.2667,151.7,100,58,44.87,10.16
Porgera,PG,1627950755,-5.4667,143.2,96,86,50.9,1.79
Sterling,US,1627950755,39.0062,-77.4286,20,63,76.44,8.05
Mola di Bari,IT,1627950755,41.0609,17.0873,0,71,82.89,3.18
Russell,US,1627950756,32.3502,-85.1999,75,90,74.91,0.0
Lubango,AO,1627950756,-14.9172,13.4925,0,15,55.53,3.94
Naryan-Mar,RU,1627950756,67.6713,53.087,38,91,48.7,3.98
Ous,RU,1627950756,60.9058,61.5186,0,87,57.33,3.6
Żurrieq,MT,1627950757,35.8311,14.4742,0,51,83.97,2.3
Aras,ES,1627950757,42.5617,-2.356,0,72,59.41,5.75
Kruisfontein,ZA,1627950617,-34.0033,24.7314,0,91,44.89,6.64
Mapimí,MX,1627950758,25.8167,-103.85,91,59,79.57,6.85
Ayan,RU,1627950758,56.45,138.1667,100,93,53.29,10.16
Palauig,PH,1627950758,15.435,119.9045,100,87,81.93,15.64
Paraopeba,BR,1627950759,-19.2757,-44.4033,0,52,65.55,2.68
Port-Gentil,GA,1627950610,-0.7193,8.7815,100,85,75.96,8.93
Bonthe,SL,1627950759,7.5264,-12.505,16,77,75.7,5.3
Esperance,AU,1627950759,-33.8667,121.9,76,76,48.04,14.43
Okhotsk,RU,1627950760,59.3833,143.3,100,61,59.4,10.11
Al Bardīyah,LY,1627950760,31.7561,25.0865,0,84,79.34,15.75
Kulhudhuffushi,MV,1627950760,6.6221,73.07,100,73,81.79,6.04
Marsh Harbour,BS,1627950567,26.5412,-77.0636,100,71,82.89,13.8
Tocopilla,CL,1627950761,-22.092,-70.1979,0,69,62.01,4.05
Cairns,AU,1627950609,-16.9167,145.7667,21,62,80.11,8.05
Novyye Lyady,RU,1627950761,58.0536,56.6039,100,93,63.64,2.77
Kapustin Yar,RU,1627950761,48.5831,45.7372,25,26,79.79,7.49
Beloha,MG,1627950762,-25.1667,45.05,68,65,65.43,6.93
Botwood,CA,1627950762,49.1499,-55.3482,100,70,67.48,6.44
Río Gallegos,AR,1627950762,-51.6226,-69.2181,0,61,42.85,28.77
Bilma,NE,1627950763,18.6853,12.9164,1,14,92.7,11.43
Tarko-Sale,RU,1627950763,64.9225,77.785,6,73,63.25,11.68
Qasigiannguit,GL,1627950763,68.8193,-51.1922,100,92,46.65,6.42
Dargaville,NZ,1627950764,-35.9333,173.8833,29,86,54.18,22.97
Sharlyk,RU,1627950764,52.9167,54.75,21,47,69.01,5.35
Santa Cecília,BR,1627950764,-26.9608,-50.4269,12,94,42.96,1.83
Solwezi,ZM,1627950765,-12.1688,26.3894,7,58,53.65,4.05
Black River,JM,1627950765,18.0264,-77.8487,82,79,84.2,4.27
Kultuk,RU,1627950765,51.7208,103.6956,100,94,59.04,5.32
Guangshui,CN,1627950766,31.6199,113.9978,21,80,83.34,10.85
Kentau,KZ,1627950766,43.5206,68.5094,100,20,82.44,11.88
Donskoye,RU,1627950766,45.4552,41.9741,6,49,77.13,4.56
Narganá,PA,1627950766,9.4428,-78.5906,100,82,80.65,3.71
Mazatlan,MX,1627950767,25.2,-99.8167,35,37,89.56,5.17
Coquimbo,CL,1627950767,-29.9533,-71.3436,90,87,55.13,4.61
Haines Junction,CA,1627950767,60.7522,-137.5108,100,43,75.15,9.22
Fukuechō,JP,1627950625,32.6881,128.8419,75,74,84.56,8.05
Puerto Cabezas,NI,1627950768,14.0351,-83.3888,100,89,78.64,10.2
Sampit,ID,1627950768,-2.5333,112.95,99,93,77.77,2.13
Antofagasta,CL,1627950608,-23.65,-70.4,1,74,56.48,2.53
Uauá,BR,1627950768,-9.8414,-39.4817,26,89,64.69,13.67
Fuerte Olimpo,PY,1627950769,-21.0415,-57.8738,0,46,65.23,5.75
Ermioni,GR,1627950769,37.3869,23.2442,0,36,84.45,7.81
Bowen,AU,1627950769,-20.0167,148.2333,20,60,75.42,9.13
Ponta Delgada,PT,1627950770,37.7333,-25.6667,20,82,66.92,8.05
Presidencia Roque Sáenz Peña,AR,1627950770,-26.7852,-60.4388,6,53,52.23,5.86
Concordia,AR,1627950770,-31.393,-58.0209,0,69,48.43,3.38
Berck,FR,1627950771,50.4,1.6,0,94,58.69,5.75
Nuuk,GL,1627950771,64.1835,-51.7216,90,76,50.61,2.3
Marsá Maţrūḩ,EG,1627950771,31.3525,27.2453,0,78,80.8,8.05
Ostrovnoy,RU,1627950771,68.0531,39.5131,80,99,49.69,6.13
Kloulklubed,PW,1627950653,7.0419,134.2556,100,78,84.7,13.35
Aljezur,PT,1627950772,37.3191,-8.8033,96,86,62.73,7.78
Hereford,GB,1627950772,52.0568,-2.7148,7,95,57.06,3.71
Arman',RU,1627950772,59.7,150.1667,6,43,57.58,7.67
Dingle,PH,1627950561,10.9995,122.6711,100,78,83.17,12.39
Sorong,ID,1627950773,-0.8833,131.25,59,69,84.0,6.13
Lima,PE,1627950060,-12.0432,-77.0282,75,82,61.14,9.22
Saint-Pierre,RE,1627950773,-21.3393,55.4781,90,62,67.68,10.36
Makakilo City,US,1627950774,21.3469,-158.0858,1,45,88.12,13.8
Manakara,MG,1627950774,-22.1333,48.0167,23,93,62.1,4.32
Kenai,US,1627950774,60.5544,-151.2583,1,75,74.03,12.66
Yamoussoukro,CI,1627950775,6.8206,-5.2767,40,78,78.69,6.91
Chernyshevskiy,RU,1627950775,63.0128,112.4714,7,36,72.52,10.78
Inta,RU,1627950775,66.0317,60.1659,100,84,56.68,3.94
Airai,TL,1627950615,-8.9266,125.4092,12,38,72.18,4.5
Rantepao,ID,1627950776,-2.9701,119.8978,86,88,72.82,2.17
Paraná,AR,1627950776,-31.732,-60.5238,0,66,52.57,7.25
Mount Isa,AU,1627950776,-20.7333,139.5,40,27,64.17,19.57
Mandera,KE,1627950776,3.9366,41.867,100,57,75.27,15.86
Tilichiki,RU,1627950728,60.4667,166.1,100,50,50.7,20.8
Quelimane,MZ,1627950777,-17.8786,36.8883,0,80,61.5,2.1
Horta,PT,1627950777,38.5333,-28.6333,41,92,72.19,7.31
Whitehorse,CA,1627950619,60.7161,-135.0538,90,34,81.01,2.3
Shreveport,US,1627950758,32.5251,-93.7502,75,86,81.14,6.91
Meadow Lake,US,1627950778,34.8014,-106.5436,50,33,86.45,1.36
Faanui,PF,1627950562,-16.4833,-151.75,84,78,78.31,13.76
Gua Musang,MY,1627950778,4.8823,101.9644,100,90,75.76,0.74
Barinas,VE,1627950779,8.6226,-70.2075,100,94,75.24,3.44
Zhangjiakou,CN,1627950779,40.81,114.8794,100,81,70.48,5.5
Shitanjing,CN,1627950779,39.2342,106.3439,100,45,66.69,3.71
Ahipara,NZ,1627950572,-35.1667,173.1667,21,82,55.04,28.32
Fort Nelson,CA,1627950618,58.8053,-122.7002,75,65,76.59,0.0
Wawa,NG,1627950780,9.9022,4.4192,100,89,73.47,1.81
Launceston,AU,1627950780,-41.45,147.1667,85,85,51.15,1.01
Mitchell,US,1627950559,43.7094,-98.0298,1,49,80.58,1.99
Saint-Louis,SN,1627950780,16.3333,-15.0,100,74,78.44,14.34
Ust'-Kan,RU,1627950781,50.9276,84.761,38,68,62.17,3.96
Charlestown,AU,1627950781,-32.95,151.6667,18,76,67.93,1.01
Luwuk,ID,1627950598,-0.9516,122.7875,61,71,80.96,6.51
Kankaanpää,FI,1627950782,61.8,22.4167,95,90,53.8,8.08
Ust'-Omchug,RU,1627950782,61.15,149.6333,33,46,49.77,11.65
Tuy Hoa,VN,1627950782,13.0833,109.3,100,59,86.77,16.02
Cayenne,GF,1627950605,4.9333,-52.3333,40,86,79.09,0.0
Palmerston,AU,1627950783,-12.486,130.9833,20,70,84.92,3.44
Lixouri,GR,1627950783,38.2019,20.4314,0,55,82.83,7.02
Milverton,CA,1627950783,43.5668,-80.9164,2,83,68.59,4.9
Te Anau,NZ,1627950784,-45.4167,167.7167,58,81,44.91,1.72
Bridlington,GB,1627950784,54.0831,-0.1919,81,76,59.9,8.39
Rock Hill,US,1627950784,34.9249,-81.0251,20,59,80.98,0.0
Half Moon Bay,US,1627950619,37.4636,-122.4286,75,60,90.72,23.02
Narsaq,GL,1627950785,60.9167,-46.05,99,96,50.22,4.61
Kuruman,ZA,1627950785,-27.4524,23.4325,0,26,47.41,6.44
Samarai,PG,1627950569,-10.6167,150.6667,65,76,79.95,14.41
Zaraza,VE,1627950786,9.3503,-65.3245,97,98,71.35,3.11
Kirkland Lake,CA,1627950786,48.1446,-80.0377,96,53,71.89,8.61
Cabedelo,BR,1627950786,-6.9811,-34.8339,5,85,74.07,11.92
Øksfjord,NO,1627950787,70.2396,22.3479,99,86,47.32,6.62
Sambava,MG,1627950787,-14.2667,50.1667,8,89,65.8,6.58
Hanzhong,CN,1627950787,33.0728,107.0303,80,80,79.47,2.42
Povenets,RU,1627950787,62.8487,34.8262,100,93,58.66,15.37
Douglas,US,1627950788,41.3,-96.167,1,55,78.1,1.01
Hobyo,SO,1627950788,5.3505,48.5268,68,73,77.49,20.58
Geraldton,AU,1627950677,-28.7667,114.6,0,87,47.12,8.05
Tiarei,PF,1627950789,-17.5333,-149.3333,98,72,84.22,9.98
Banda Aceh,ID,1627950789,5.5577,95.3222,100,75,81.41,12.24
Amahai,ID,1627950575,-3.3333,128.9167,25,80,81.34,3.71
Miyoshi City,JP,1627950790,35.0833,137.0667,100,83,83.71,13.56
Tunceli,TR,1627950527,39.1083,39.5471,65,50,76.06,7.52
Labuhan,ID,1627950791,-6.8844,112.2051,7,75,80.55,8.48
Dori,BF,1627950791,14.0354,-0.0345,100,48,87.58,8.32
Minas,UY,1627950791,-34.3759,-55.2377,0,92,45.07,2.37
Newport,GB,1627950534,51.5877,-2.9984,59,89,57.07,7.2
Goundam,ML,1627950792,16.4145,-3.6708,100,42,91.13,6.44
San Joaquin,US,1627950792,37.9333,-121.3011,1,19,97.68,10.36
Riyadh,SA,1627950547,24.6877,46.7219,16,10,87.94,10.47
Sakata,JP,1627950792,38.9167,139.855,75,66,89.78,8.05
Lugoba,TZ,1627950793,-6.45,38.3333,97,97,64.29,2.8
Ürümqi,CN,1627950793,43.801,87.6005,0,23,72.55,11.18
Yar-Sale,RU,1627950792,66.8333,70.8333,99,85,58.41,3.27
Marigot,MF,1627950793,18.0667,-63.0833,20,74,82.18,6.91
Bud,US,1627950794,39.447,-86.1758,9,61,75.29,5.59
Poso,ID,1627950794,-1.3959,120.7524,57,71,82.45,3.38
Villazón,BO,1627950794,-22.0866,-65.5942,91,53,40.93,7.23
Düzce,TR,1627950795,40.8389,31.1639,0,33,74.43,5.1
Maceió,BR,1627950764,-9.6658,-35.7353,75,94,72.84,3.44
San Felipe,VE,1627950543,10.3399,-68.7425,82,77,74.98,7.27
Sisimiut,GL,1627950669,66.9395,-53.6735,100,90,48.22,3.96
Doha,QA,1627950682,25.2867,51.5333,0,46,98.58,3.44
Ryki,PL,1627950795,51.6257,21.9327,16,87,59.18,7.18
Herat Province,AF,1627950796,34.5,62.0,0,15,72.72,10.29
Bat Khela,PK,1627950796,34.6167,71.9714,38,73,77.79,4.83
Ciudad Guayana,VE,1627950796,8.3533,-62.6528,47,94,72.59,2.44
Kaitangata,NZ,1627950605,-46.2817,169.8464,45,53,50.94,11.01
Cartagena,CO,1627950606,10.3997,-75.5144,90,83,82.02,5.75
Pericos,MX,1627950797,25.05,-107.7,16,65,88.86,6.38
Sumbe,AO,1627950797,-11.2061,13.8437,0,88,69.78,7.76
Sarrebourg,FR,1627950797,48.7333,7.05,100,94,58.8,6.11
Miguel Calmon,BR,1627950798,-11.4289,-40.595,99,94,62.1,4.03
Basco,PH,1627950798,20.4487,121.9702,100,90,81.5,30.29
Grindavik,IS,1627950552,63.8424,-22.4338,75,100,53.55,5.75
Socuéllamos,ES,1627950798,39.2858,-2.7921,0,71,67.37,11.48
San Andrés,CO,1627950798,12.5847,-81.7006,75,89,82.42,6.91
Padang,ID,1627950799,-0.9492,100.3543,50,73,75.25,2.06
Puerto Escondido,MX,1627950715,15.85,-97.0667,40,62,86.83,0.0
Ergani,TR,1627950799,38.2653,39.7621,1,30,79.52,5.7
Kundiawa,PG,1627950799,-6.0167,144.9667,100,62,74.88,0.94
Nemuro,JP,1627950800,43.3236,145.575,98,95,73.83,5.28
Kununurra,AU,1627950800,-15.7667,128.7333,72,28,80.58,13.8
Churapcha,RU,1627950800,62.0025,132.4325,96,42,73.08,12.06
Yambio,SS,1627950801,4.5721,28.3955,63,97,65.03,2.91
Yangi Marg`ilon,UZ,1627950801,40.4272,71.7189,45,56,72.82,4.61
Krasnokamensk,RU,1627950801,50.0979,118.0369,86,65,69.93,5.75
Tual,ID,1627950802,-5.6667,132.75,98,73,81.77,20.18
Tall Kayf,TR,1627950802,37.0833,41.0667,2,29,86.38,4.07
Gao,ML,1627950802,16.6362,1.637,93,56,84.4,7.07
Ribeira Brava,PT,1627950803,32.65,-17.0667,28,76,72.23,7.09
Envira,BR,1627950803,-7.3,-70.2167,0,52,72.01,2.44
Chanika,TZ,1627950803,-5.4167,38.0167,100,85,64.0,4.05
Toamasina,MG,1627950804,-18.1667,49.3833,20,94,62.6,0.0
